Latlux,Sonnnie,Garfirth
Otcom,Anallise,Robbie
Ventosanzap,Carmel,Treppas
Bigtax,Lyell,Fake
Regrant,Mickie,De Anesy
Treeflex,Ruddie,Gowrich
Stronghold,Elli,Filipic
Sonair,Myca,Mannin
Transcof,Skyler,Gosling
Cardguard,Morganica,McDunlevy
Prodder,Skipton,Steagall
Quo Lux,Janis,Fletcher
Prodder,Dominica,Boldt
Stringtough,Stafford,O'Connel
Viva,Axe,Kesley
Daltfresh,Isis,Mealham,sjdhsjd
Prodder,Junina,Abbate
Greenlam,Cy,Hubberstey
Pannier,Sara-ann,Walkling
Namfix,Ware,Kaasman
Solarbreeze,Jamey,Parzis
Opela,Erinna,Leggatt
Kanlam,Neila,Chillingworth
Konklab,Kiley,Pinsent
Bytecard,Tisha,Hyland
Trippledex,Hagan,Duffree,jsdhsd
Ventosanzap,Jessy,Detheridge
Ronstring,Linell,Haynesford
Bamity,Alana,Guitonneau
Voyatouch,Adina,Lidgerton
Opela,Ron,Conquer
Konklux,Leoine,Vasyunichev
Tresom,Eve,Rizzetti
Greenlam,Risa,Easman
Pannier,Patsy,Goadsby
Zamit,Paton,Mountjoy
Veribet,Dwain,Biggans
Bamity,Stavros,Attle
Bitchip,Fielding,Pollastrone
Zathin,Saleem,Shill
Greenlam,Amata,Livesey
Fintone,Toinette,Sommers
Daltfresh,Rolando,Twigg
Lotlux,Sayers,Pinks
Voyatouch,Danit,Fenners
Vagram,Rufus,Fehner
Cardify,Twyla,Oleksinski
Wrapsafe,Micah,Brimming
Job,Olvan,Lefort
Pannier,Rockwell,Blooman
Namfix,Antoine,Rowet
Bitchip,Aurelea,Addyman
Flexidy,Carlee,Mitchener
Alphazap,Tobit,Hume
Cookley,Tally,Daveran
Voyatouch,Paolo,Heap
Konklab,Katti,Cote
Kanlam,Darlene,Spehr
Fintone,Demott,Carverhill
Keylex,Aland,Flemming
Veribet,Moyna,Willgoose
Mat Lam Tam,Barnabas,Collister
Cardify,Fair,Birchenough
Trippledex,Georgianne,Daviot
Gembucket,Grenville,Ranner
Tres-Zap,Morgana,Serraillier
Asoka,Sybila,Iozefovich
Trippledex,Tracy,Kersey
Fintone,Ramonda,Rilton
Opela,Leopold,Carnachen
Ventosanzap,Osmund,Grigoire
Wrapsafe,Stu,Blewitt
Konklux,Paolo,Sevin
Flexidy,Janie,Dessant
Rank,Marion,Wison
Tempsoft,Rube,Rozet
Wrapsafe,Elita,Tebbit
Bamity,Heida,Downing
Wrapsafe,Andrey,Dickie
Solarbreeze,Theodoric,Luchetti
Fix San,Ignace,Mortlock
Transcof,Erik,Bannard
Stim,Celestine,Greeve
Stim,Sallie,Bedow
Gembucket,Clemens,Andrea
Stronghold,Harley,Deville
Wrapsafe,Arlinda,Cormack
Otcom,Thorstein,Sauter
Zamit,Alyce,Greggor
Home Ing,Raffarty,Gartery
Kanlam,Ash,Hatherill
Overhold,Cully,Snowball
Solarbreeze,Priscilla,Heaysman
Zathin,Lothario,Aiken
Viva,Simona,Stoop
Cookley,Cal,Carnaman
Duobam,Trueman,Lantuffe
Bitchip,Nerita,Robert
Vagram,Petronilla,Jarrel
Fintone,Isador,Halmkin
Matsoft,Oona,Beals
Redhold,Cristy,Caldecourt
Cardguard,Philly,Curcher
Zoolab,Juline,Tamlett
Transcof,Darsie,Pert
Home Ing,Ximenes,Poston
Ventosanzap,Royce,Clemencon
Voyatouch,Sisile,Everwin
Redhold,Leroi,Colombier
Fix San,Joe,Denecamp
Bitwolf,Skipper,Morgen
Bytecard,Analise,Nerne
Transcof,Monique,Caldeiro
Cookley,Brenden,Lasseter
Bigtax,Norri,Reyner
Andalax,Natalie,Greenham
Tempsoft,Ola,Hukin
Tresom,Shelly,Garred
Ventosanzap,Imogene,Tolemache
Gembucket,Kimberly,Cookson
Keylex,Julieta,Vaen
Transcof,Rosy,Tocque
Cookley,Wilek,Barford
Domainer,Averil,Tincombe
Lotstring,Orelie,Greenhaugh
Biodex,Lucho,Flukes
Bitwolf,Leland,Collick
Greenlam,Timoteo,Swindle
Sonsing,Johny,Rysom
Asoka,Gerhardt,Gissop
Alphazap,Gilbert,Richten
Kanlam,Emogene,Georgeon
Tampflex,Tiffie,Reglar
Flowdesk,Gawen,Duffield
Flexidy,Jeri,Ralestone
Duobam,Marysa,Fawcitt
Vagram,Nona,Cudbertson
Andalax,Daphna,MacCahee
Quo Lux,Elsey,Kittle
Bigtax,Cyrill,Davidof
Cookley,Charleen,Konzelmann
Kanlam,Kacy,Saiens
Sonsing,Cecilius,Wotton
Opela,Desmond,Miguet
Bitwolf,Ethelred,Gieves
Sub-Ex,Salomi,Adriaens
Viva,Stormie,Nice
Stim,Ferris,Blunn
Viva,Martino,Duchesne
Stringtough,Larissa,Margrie
Zaam-Dox,Cacilie,Doylend
Asoka,Eduino,Joicey
Aerified,Udell,Dudley
Job,Adele,Blas
Tempsoft,Callie,Manhare
Duobam,Oralla,Pappin
Tres-Zap,Eustace,Andrea
Zaam-Dox,Goldi,Pilley
Konklab,Julia,Scrimshaw
Solarbreeze,Shandee,Matlock
Alphazap,Lois,Copestake
Zoolab,Thorny,Runsey
Otcom,Christa,Millard
Namfix,Padriac,Kordt
Flowdesk,Mignonne,Rannie
Span,Christoforo,Stamper
Stringtough,Harv,Teliga
Stronghold,Brennan,Tiler
Tempsoft,Corissa,Hixson
Latlux,Fallon,Canedo
Zaam-Dox,Eduardo,Roumier
Ventosanzap,Astrix,Stienham
Matsoft,Dalila,Pala
Tresom,Sayers,Southerill
Lotstring,Phedra,Allworthy
Alpha,Rockie,Buckel
Redhold,Consuela,Balfour
Bytecard,Olin,Szepe
Latlux,Con,Blackburne
Holdlamis,Rebbecca,Barnardo
Mat Lam Tam,Dallon,Gardener
Konklux,Lelah,Jevons
Bigtax,Orly,Ivashintsov
Vagram,Rod,Rosedale
Gembucket,Torrie,Todaro
Fintone,Conni,Stirling
Home Ing,Bobette,Cruise
Subin,Sherwynd,Loch
Daltfresh,Nita,Bascombe
Keylex,Sheridan,Orgen
Ventosanzap,Waldo,Arenson
Ronstring,Nicki,Hugonneau
Greenlam,Timothy,Oliveti
Alphazap,Benetta,Munroe
Temp,Lester,Stickford
Gembucket,Pavel,Cornelisse
Solarbreeze,Charmane,Ablitt
Home Ing,Del,Caze
Bitwolf,Rosamund,Cocklin
Zoolab,Stacia,Coleborn
Y-Solowarm,Franky,Feavyour
Zoolab,Anatola,Fairbanks
Transcof,Lionel,Kemetz
Keylex,Page,Halhead
Hatity,Suzi,Petrov
Voyatouch,Mommy,Gumb
Konklux,Chrissy,Welling
Fix San,Dulci,Hurrell
Sonair,Aloise,Baggett
Voyatouch,Charyl,Pevsner
Bitchip,Ignatius,Dullard
Quo Lux,Rasla,Shirt
Voltsillam,Susann,Collocott
Pannier,Fannie,Maddock
Prodder,Harmonia,Goodbur
Holdlamis,Bertram,Gillman
It,Yetty,Ozintsev
Matsoft,Marris,Bulch
Tresom,Dru,Coulter
Domainer,Aurel,Milksop
Job,Faustine,Caron
Zamit,Jesse,Girauld
Overhold,Tommie,Guidera
Viva,Ruby,Maypother
Voyatouch,Alanah,Brucker
Sonair,Claus,Flacke
Y-find,Aloisia,Dawdry
Duobam,Elayne,Shacklady
Wrapsafe,Marley,Boylan
Home Ing,Nowell,McIndoe
Otcom,Ivette,Josham
Keylex,Ollie,Ferebee
Zoolab,Catherin,Wace
Voyatouch,Chiarra,Massimo
Ronstring,Trixie,Manjin
Flexidy,Henderson,Bittany
Tres-Zap,Ailsun,Robard
Mat Lam Tam,Garrek,Caplin
Voltsillam,Stanwood,Elmar
Cardify,Vicky,Kenforth
Domainer,Mildrid,Vigneron
Temp,Ericha,Todeo
Greenlam,Sara,De la Zenne
Cardguard,Deva,Moohan
Flowdesk,Kelcie,Ruddin
Alphazap,Arv,Checketts
Regrant,Janaya,Wines
Daltfresh,Leshia,Cloute
Regrant,Bo,Clinnick
Kanlam,Celesta,Whipp
Flowdesk,Marge,Hinnerk
Ronstring,Pamella,Causley
Transcof,Diandra,Hoggin
Tres-Zap,Flin,Raffon
Voltsillam,Mathilda,Thickens
Andalax,Fin,Hannum
Toughjoyfax,Kameko,Radin
Wrapsafe,Della,McCully
Ventosanzap,Ursala,McEntagart
Y-find,Norby,Cleal
Job,Inez,Petyt
Sub-Ex,Hayley,Nunn
Zathin,Phil,Pullan
Stronghold,Debera,Collens
Flowdesk,Georgetta,Lawleff
Fintone,Sayre,Harbach
Veribet,Petronille,Amesbury
Stronghold,Thom,Lankester
Greenlam,Sibilla,Chrstine
Tampflex,Romy,Rochell
Hatity,Milty,Francescoccio
Transcof,Robina,Shillom
Biodex,Jayne,Paddison
Fixflex,Blayne,Tasch
Wrapsafe,Jourdan,Blaxley
Fintone,Francklin,Slocom
Duobam,Haywood,Terney
Quo Lux,Arlette,Colquhoun
It,Karoly,Puttnam
Stronghold,Georg,Bennike
Span,Marika,Gretham
Hatity,Isobel,Knotton
Opela,Tito,Leslie
Lotstring,Millie,Longrigg
Bitwolf,Ibby,Lowles
Wrapsafe,Nanni,Valentin
Bitwolf,Shep,Jouannisson
Sonsing,Merilee,Mamwell
Greenlam,Arthur,Aguirre
Rank,Shanda,Vasechkin
Viva,Tiphani,McCritichie
Sub-Ex,Othello,Maple
Vagram,Edvard,Brewood
Zontrax,Roderigo,Baldassi
Wrapsafe,Charlena,Glisane
Bytecard,Vic,Oman
Pannier,Shayne,Kern
Cardify,Arabele,Guillot
Sonair,Editha,Camerello
Fixflex,Rufus,Stollenbecker
Tampflex,Kristian,Snedden
Voyatouch,Sidoney,Gillott
Asoka,Darrel,Puddefoot
Hatity,Dermot,Rattry
Transcof,Christie,Snowden
Cardguard,Randie,Siggers
Holdlamis,Kippy,Habard
Bigtax,Dotty,Alps
Vagram,Monah,Edling
Domainer,Guthrey,Bullerwell
Flowdesk,Prentice,Crooks
Transcof,Karil,Philbrick
Ronstring,Clare,Smoote
It,Glendon,Florey
Zaam-Dox,Artemus,Matejovsky
Sonsing,Roley,Geator
Bitchip,Nixie,Rooney
Veribet,Wade,Sizland
Flowdesk,Stern,Ghost
Zaam-Dox,Maxie,Flanner
Opela,Jennine,Caven
Zontrax,Alexina,Grimsey
Duobam,Cherrita,Hundy
Asoka,Ollie,Vasilischev
Tampflex,Kristian,Linfield
Transcof,Theda,Wills
Mat Lam Tam,Robyn,Firidolfi
Greenlam,Dal,Sorrill
Toughjoyfax,Demetra,Ivanov
Toughjoyfax,Patten,Passman
Treeflex,Camellia,Longhorne
Trippledex,Auguste,Leates
Sonair,Hamlen,Stookes
Bamity,Aleda,Mandre
Transcof,Saloma,Paunton
Y-find,Lyman,Dossetter
Tampflex,Sully,Tuting
Duobam,Chicky,Paulisch
Y-Solowarm,Renault,Ramalho
Voltsillam,Reynard,McFee
Subin,Eudora,Houseman
Ronstring,Torrin,Balmadier
Regrant,Brianna,Harriagn
Veribet,Mabel,Vowels
Treeflex,Susana,Menault
Tresom,Janessa,Huddy
Keylex,Gallard,Bickerdyke
Mat Lam Tam,Preston,Willshere
Quo Lux,Cristal,Clague
Bigtax,Sheila,Segoe
Toughjoyfax,Lois,Neely
Lotstring,Mason,McIlroy
Aerified,Gena,Goeff
Ronstring,Em,Goskar
Cardify,Susan,Tregunnah
Namfix,Byran,Berardt
Temp,Mindy,Staresmeare
Sub-Ex,Alethea,Olivari
Flowdesk,Patric,Burgwin
Ronstring,Jo,Heining
Mat Lam Tam,Linzy,Waggatt
Vagram,Branden,Cinderey
Vagram,Celestyn,Barrell
Treeflex,Mariana,Finney
Home Ing,Marlin,Schutter
Bigtax,Lonna,Astlett
Greenlam,Tonye,Bracher
Lotstring,Doloritas,Gillham
Rank,Annabell,Humberstone
Keylex,Stephani,Diloway
Domainer,Gabrila,McHardy
Tresom,Vanya,Cordelette
Alpha,Jourdan,Tremayne
Home Ing,Alexina,Tonkin
Bitchip,Grant,Guillain
Sonsing,Noell,Bony
Treeflex,Moore,Isacoff
Transcof,Janean,Levett
Voltsillam,Kalli,Symcock
It,Brice,Solley
Pannier,Friedrich,Dinnage
Tampflex,Merwin,Parlet
Stringtough,Holly-anne,Ciabatteri
Daltfresh,Corene,Cescoti
Domainer,Coop,Varcoe
Veribet,Josey,Brik
Konklux,Dido,Feldmark
Regrant,Ivett,Brader
Veribet,Dani,Degli Antoni
Matsoft,Binnie,Shailer
Tresom,Cleon,Orcott
Y-Solowarm,Sargent,Vidgen
Zathin,Philippe,Blazewski
Domainer,Toddie,Sangster
Alpha,Edgar,Lumsdall
Zaam-Dox,Mavis,Traise
Zoolab,Kirsti,Hebblethwaite
Alpha,Penelopa,Raoul
Duobam,Shina,Mancell
Bytecard,Iolanthe,Laminman
Stim,Fairlie,Wardel
Alphazap,Kaspar,Crawforth
Mat Lam Tam,Marci,Pelling
Namfix,Currey,Norwood
Flexidy,Kathryn,Royan
Cardify,Tobye,Jennins
Cardguard,Marlowe,Helder
Redhold,Gus,Growden
Pannier,Shalna,Romayne
Bamity,Griz,Williamson
Andalax,Jo-ann,Cyples
Job,Emmery,Jonsson
Prodder,Dolf,Benoist
Flowdesk,Andre,Sarsfield
Namfix,Coretta,Spini
Flexidy,Charin,Mcwhinnie
Ventosanzap,Bonny,Martinon
Sonair,Alfie,Rymell
Subin,Dorelle,McNab
Rank,Jeniffer,Bosenworth
Konklab,Arnoldo,Tanton
Viva,Jeri,Audibert
Duobam,Krishnah,Gooley
Duobam,Shay,Larrad
Zoolab,Kaitlin,Hebburn
Treeflex,Anthony,Marnes
Alphazap,Darline,Corrie
Fix San,Amerigo,Duferie
Pannier,Alain,Gourdon
Redhold,Cyrill,Bown
Tempsoft,Chrisse,Delea
Job,Bil,Yvon
Duobam,Iorgo,Oager
Konklux,Rahel,Proger
Sub-Ex,Mathew,Emblow
Keylex,Romy,McManamon
Voltsillam,Averill,Moscone
Holdlamis,Amalle,Ferrie
Kanlam,Carlota,Sharpling
Matsoft,Cindelyn,Berling
Voyatouch,Blinnie,Greaser
Rank,Davin,Corneliussen
Zontrax,Ainsley,Jepperson
Latlux,Kordula,Derrick
Ventosanzap,Mariele,Ousley
Vagram,Odele,Gammet
Domainer,Laina,Malkie
Konklux,Lyell,Comins
Sub-Ex,Prentice,O'Brollachain
Alphazap,Hermine,Solomonides
Tin,Horace,Olliff
Bytecard,Carmella,Horrell
Bigtax,Elnar,Westerman
Flexidy,Aubree,Syphus
Vagram,Benoite,Sabine
Pannier,Gayleen,Sartain
Daltfresh,Rozanne,Boc
Viva,Ariella,Meharry
Opela,Arte,Ponsford
Alpha,Antoine,Conradsen
Zathin,Jarvis,MacKaile
Bamity,Kirk,Tiernan
Stim,Freida,Griswaite
Tres-Zap,Silvanus,Effemy
Zontrax,Karen,Dalyell
Job,Temple,Senogles
Flexidy,Salmon,Kinchington
Treeflex,Cullan,O' Hern
Bigtax,Devland,Tinniswood
Flowdesk,Leonore,Bell
Trippledex,Lynn,Twinterman
Flexidy,Chalmers,De Souza
Latlux,Jeffry,Bennoe
Bytecard,Zarah,Fontell
Zamit,Cristobal,Blakeley
Redhold,Celle,Stockill
Fixflex,Hatty,Hartridge
Latlux,Jimmy,Fost
Cookley,Tiffy,Warrender
Viva,Tull,Titchen
Rank,Corbin,McCrudden
Quo Lux,Granny,Bezants
Asoka,Debra,Eck
Y-find,Gerrie,McClune
Mat Lam Tam,Carrissa,Palatino
Overhold,Abigale,Serman
Voyatouch,Jewel,Hutton
Voltsillam,Sholom,Harmeston
Voyatouch,Avril,Bartoszinski
Vagram,Hale,Bushell
Stronghold,Cammi,Bonin
Namfix,Kissee,Potten
Stronghold,Hillel,Sansun
Namfix,Orson,McCudden
Domainer,Aurelie,Turvie
Y-find,Bethanne,Down
Vagram,Jacklin,Larrad
Transcof,Ramsey,MacKinnon
Lotstring,Drugi,Shelliday
Konklux,Tobye,Skyner
Stim,Maureen,de'-Ancy Willis
It,Emmey,Berka
Domainer,Byran,Arstall
Redhold,Reinwald,Gillingham
Overhold,Joanie,Cushion
Overhold,Revkah,Pelzer
Asoka,Lane,Orae
Holdlamis,Evonne,Bernier
Home Ing,Mathilde,Phifer
Keylex,Carce,Lamanby
Zontrax,Jana,O'Cuddie
Bytecard,Marga,Shellcross
Alpha,Wilow,Bailie
Bitchip,Jennie,Hannond
Vagram,Giralda,Schubert
Transcof,Kasey,Pidgley
Bytecard,Chastity,O'Shevlin
Treeflex,Mohandas,Boltwood
Prodder,Wye,Stacey
Home Ing,Weylin,Iacopetti
Stringtough,Angie,St. Ledger
Y-find,Kennan,Callinan
Bitchip,Emlyn,Enos
Ronstring,Blisse,Shiel
Keylex,Nehemiah,Conws
It,Dody,Jozwik
Bamity,Renata,Tootell
Bigtax,Jami,Luker
Trippledex,Byrom,Loudiane
Domainer,Drucy,Guilford
Sonsing,Aurilia,Dacres
Andalax,Lois,Leedes
Rank,Merry,Takle
Tres-Zap,Malinde,Callam
Fix San,Eulalie,Loalday
Rank,Radcliffe,Palffrey
Latlux,Wilmer,Flippelli
Sonair,See,Lisamore
Bigtax,Hanni,Winnister
Keylex,Sebastien,Pringour
Alpha,Mendel,Dechelette
Veribet,Charmaine,Icke
Transcof,Pietrek,Firk
Hatity,Isadora,Tomkins
Zoolab,Nataniel,Huleatt
Domainer,Hobie,Tunder
Otcom,Coop,Fley
Trippledex,Janith,Johansen
Mat Lam Tam,Anjela,Legh
Bitchip,Reggie,Ling
Holdlamis,Luce,Ketton
Greenlam,Tirrell,Sails
Redhold,Tess,Whyler
Alphazap,Art,Dowley
Mat Lam Tam,Priscella,Loughton
Pannier,Tadd,Rankin
Sonair,Fred,Yannikov
Voyatouch,Gayle,Lampart
Y-find,Julee,Tweed
Tresom,Murdock,Crossland
Voyatouch,Florencia,Hightown
Solarbreeze,Legra,Gogarty
Job,Shermy,Brumbie
Opela,Josephina,Oluwatoyin
Viva,Ronalda,Pead
Bigtax,Jennie,Mewes
Transcof,Gerick,Coleyshaw
Redhold,Neilla,Cherm
Bigtax,Penrod,Zanioletti
Matsoft,Sandra,Rodinger
Regrant,Dorian,Englefield
Bigtax,Jobye,Swyer-Sexey
Daltfresh,Willow,L'Homme
Gembucket,Nissa,Rohan
Cardify,Jeramie,Duffet
Redhold,Frederik,Shakle
Wrapsafe,Cathie,Heatherington
Vagram,Abran,Melling
Andalax,Konrad,Shallow
Matsoft,Brigida,Fullbrook
Voyatouch,Mirna,Wyett
Asoka,Frank,Strathman
Solarbreeze,Lyndsey,Camacho
Fix San,Emmey,Fehners
Kanlam,Chrisy,Baulch
Ventosanzap,Filberte,Shingfield
Asoka,Pierce,Redwood
Zoolab,Matthiew,Cheel
Daltfresh,Pammie,Bridgen
Alphazap,Louise,Danielovitch
Holdlamis,Winni,Binstead
Solarbreeze,Crawford,Spellworth
Mat Lam Tam,Bobbee,Watling
Sonair,Pacorro,Worster
Gembucket,Ole,Geach
Alpha,Royal,Turner
Tres-Zap,Manfred,Curle
Cardguard,Corene,Cubuzzi
Keylex,Nedda,Hubback
Fintone,Quentin,Dellow
Pannier,Dode,Smiths
Temp,Jaimie,Biglin
Otcom,Kare,Passby
Bytecard,Lynette,Summerside
Voyatouch,Jermaine,Steinor
Zaam-Dox,Cathie,Davidow
Zontrax,Deeann,Falls
Quo Lux,Adrian,Lantiff
Mat Lam Tam,Bryon,Clemente
Cardify,Claudelle,Benini
Viva,Tatum,Hawthorn
Home Ing,Martino,Troke
Stringtough,Billie,Pozer
Span,Adan,Allison
Prodder,Jillayne,Stollenbecker
Duobam,Lorna,Ferreri
Duobam,Candice,Gossan
Opela,Mateo,Scanderet
Treeflex,Harlie,Rown
Namfix,Van,Fawdrie
Cookley,Niki,Ingman
Sonair,Iver,Restorick
Lotstring,Maryjo,Pinkett
Cardify,Evonne,Beloe
Viva,Noak,Jellico
Greenlam,Essa,Sikora
Temp,Mariquilla,Avrahamov
Keylex,Kaylee,Aps
Veribet,Lura,Okeshott
Flowdesk,Jocelyne,Shurrocks
Cardify,Reinhold,O'Gormley
Gembucket,Andrus,Wathey
Solarbreeze,Juditha,Hindshaw
Cardguard,Annice,Dionisetto
Zontrax,Chas,Skull
Treeflex,Dynah,Spradbrow
Lotlux,Lila,Danielczyk
Stronghold,Rand,Seeborne
Cardguard,Stacee,Antonelli
Zathin,Welch,Tocher
Namfix,Nefen,Chatburn
Fintone,Bradly,Gemeau
Latlux,Amabel,MacAughtrie
Job,Clarette,Parcell
Asoka,Maxy,Grebner
Overhold,Herc,Woodfin
Ronstring,Liv,McKenzie
Ventosanzap,Seward,Macauley
Overhold,Donnajean,Tullett
Trippledex,Cirilo,La Grange
Konklux,Lynelle,Worsom
Treeflex,Kaila,Zorzini
Cookley,Boote,Odgaard
Veribet,Cacilie,Krystek
Konklab,Naomi,Asif
Trippledex,Mildred,Douce
Stim,Maddie,Pickles
Keylex,Peggy,Revance
Otcom,Jerrylee,Challen
Tempsoft,Lawton,Lempke
Overhold,Berte,Sparshott
Cardguard,Viviyan,Goodhand
Lotlux,Rubia,Geeritz
Sonair,Stanley,Newtown
Pannier,Eleonora,Le Grand
Lotstring,Elsbeth,Bernat
Latlux,Daveen,Teasdale
Toughjoyfax,Ingemar,Buckie
Kanlam,Randal,Bennion
Vagram,Maighdiln,Longdon
Bytecard,Jordan,Kearns
Fintone,Caralie,Hendrickx
Vagram,Guy,Grisenthwaite
Sub-Ex,Lesya,Stears
Ventosanzap,Jaynell,Annice
Tampflex,Adena,Tootal
Domainer,Alair,Cowp
Alpha,Ursa,Sheldrick
Tres-Zap,Farah,Fairebrother
Vagram,Peadar,Deeth
Bigtax,Erina,Huxtable
Stronghold,Garrick,Geekin
Tempsoft,Alissa,Waskett
Tampflex,Caroline,Cotgrove
Sonair,Blane,Golden
Zontrax,Marissa,Wozencraft
Aerified,Rutter,Blakeslee
Veribet,Hillary,Klainer
Duobam,Camey,Kernock
Ronstring,Dukie,Torrijos
Gembucket,Allyson,Schoroder
Overhold,Enrica,Molson
Stringtough,Doe,Jammet
It,Megan,Oakley
Cardify,Aldus,Langdale
Bitchip,Moe,Flescher
Sonsing,Tamma,Bainbridge
Tempsoft,Donetta,Houston
Voltsillam,Eugine,Stammler
Sonsing,Farris,Palluschek
Domainer,Krystyna,Casin
Latlux,Maggee,Moncrieffe
Voltsillam,Jobi,Franchyonok
Zathin,Kelila,Gorham
Rank,Donalt,Drewett
Trippledex,Lavina,Ollivierre
Y-find,Lani,Habbershon
Viva,Mickie,Bifield
Voltsillam,Sarena,Wakefield
Keylex,Olag,Fozard
Solarbreeze,Marylin,Hamelyn
Job,Coral,Eustice
Ventosanzap,Cesaro,Domenichini
Zoolab,Wilfrid,Riddock
Sonsing,Pietra,Craddock
Daltfresh,Moore,Smuth
Keylex,Nancy,Ruoff
Y-Solowarm,Jamison,Treagust
Zontrax,Teena,Sauvain
Namfix,Carie,Kinnane
Kanlam,Gavrielle,Dumbellow
Lotlux,Kyla,Bessant
Veribet,Alec,Vasyunichev
Stringtough,Petr,Werrilow
Viva,Udall,Swinfen
Solarbreeze,Kamillah,Carlyle
Zontrax,Zebulen,McKinie
Konklab,Dorita,Petraitis
Daltfresh,Melanie,Kuhnwald
Aerified,Leif,Ebben
Regrant,Iver,Hardacre
Flexidy,Ludwig,Pickavant
Opela,Vale,Aldwick
Sub-Ex,Kali,Screas
Tempsoft,Jen,Neve
Aerified,Emmott,Heiner
Kanlam,Bron,Scarbarrow
Bitchip,Lesli,Wimbridge
Span,Anne-corinne,Jelf
Cardguard,Vince,Penson
Bitchip,Colby,Witherup
Flowdesk,Ronny,Stennard
Stronghold,Finlay,Caldwall
Viva,Kaycee,Geratasch
Namfix,Royce,Scane
Ronstring,Emogene,Ivanikov
It,Albrecht,Waldocke
Fintone,Stan,Betterton
Quo Lux,Dulcine,Bogges
Sonair,Carolee,O'Cahsedy
Cookley,Kandace,Carruth
Y-find,Ellswerth,Crace
Voltsillam,Allen,Rigge
Regrant,Deane,Gatfield
Fintone,Letitia,Bugg
Greenlam,Darnell,Pandie
Trippledex,Randi,Swaffer
Tempsoft,Dex,Stentiford
Otcom,Jeniffer,Boffin
It,Karney,Uwins
Job,Knox,Brolly
Solarbreeze,Cristionna,Louw
Stim,Fifine,Boar
Zathin,Inigo,Godbolt
Opela,Averil,Covington
Cardify,Patsy,Derx
Mat Lam Tam,Raddie,Harburtson
Tresom,Chauncey,Maxwale
Y-Solowarm,Odessa,McKeaney
Zaam-Dox,Drusy,Robertis
Duobam,Shaine,Sally
Konklab,Tommie,Waudby
Tampflex,Ezri,Newell
Temp,Ailey,Henri
Quo Lux,Archer,Louthe
Biodex,Morley,Guillford
Duobam,Lotta,Sheldon
Fintone,Jedd,Matson
Asoka,Sigismond,Beals
Vagram,Gunar,Cholonin
Mat Lam Tam,Mireielle,Mathey
Zathin,Hyacinthe,Greensite
Wrapsafe,Nedi,Baughan
Sub-Ex,Chickie,Marner
Fix San,Bibbye,Lowrance
Fix San,Oralie,Keen
Greenlam,Geri,Kermath
Bigtax,Lock,O'Rodane
Transcof,Suzann,Mabon
Y-find,Dianne,Sebright
Temp,Wallis,Aubin
Ronstring,Vivia,Topley
Pannier,Manya,Wallett
Namfix,Veronica,Iliff
Bytecard,Lara,McConaghy
Zontrax,Hamil,Greedy
Bigtax,Anthiathia,Bresner
Tin,Ewan,Killock
Sonair,Melvin,Schustl
Zoolab,Lonee,Limon
Flexidy,Anestassia,Boggas
Wrapsafe,Lilias,Dunnan
Zamit,Rhoda,Hyam
Konklab,Ruthy,Purves
Regrant,Foster,Coatsworth
Daltfresh,Lauraine,Loveday
Trippledex,Jordana,Barbery
Toughjoyfax,Phillis,Eric
Quo Lux,Mallissa,Gallimore
Flexidy,Cesar,Oertzen
Tin,Fleming,Mullane
Otcom,Kylie,Greggersen
Home Ing,Celine,Sinkinson
Voltsillam,Care,Christensen
Tin,Karyn,Dalla
Stringtough,Augustus,Setchell
Bitchip,Koren,Eggins
Lotlux,Constantine,Sant
Sub-Ex,Wald,Fasler
Duobam,Kettie,Strowther
Matsoft,Billi,Pinnere
Zontrax,Tymon,Heinig
Voltsillam,Caroljean,Panchen
Namfix,Nomi,Placido
Lotlux,Killy,Felton
Biodex,Yancey,Winslet
Prodder,Mayer,Creegan
Sonsing,Gisele,Iorizzi
Konklux,Beau,Hughson
Fixflex,Sergent,Tabb
Fixflex,Currey,Langhor
Opela,Clarey,Hoyes
Lotstring,Ketti,Phythian
Span,Kelila,Stopford
Stronghold,Henry,Blunden
Konklab,Thia,Peter
Cookley,Gunther,Starsmore
Bitwolf,Rivy,Clemenzo
Home Ing,Yoshi,Terrans
Transcof,Martie,Greenwell
Hatity,Cherey,Paulillo
Otcom,Heath,Biers
Zamit,Aymer,Verdun
Aerified,Nanete,Kirkby
Ronstring,Daniella,Almey
Zaam-Dox,Trescha,Hudd
Regrant,Birgit,Howson
Latlux,Betty,Niess
Transcof,Roosevelt,Stag
Cardify,Dorian,Oleksiak
Temp,Vern,Garrold
Andalax,Clyde,Killingbeck
Sonair,Violetta,Bollans
Temp,Sydney,Bleeze
Bitchip,Tedra,Phillips
Alpha,Carmine,Cantu
Aerified,Rosalinde,Dunnet
Konklab,Ganny,Clarkin
Tampflex,Rosaline,McKennan
Sonair,Finlay,Parry
Veribet,Freemon,Brunstan
Redhold,Tonnie,Dineges
Ronstring,Jacquelynn,Civitillo
Bitchip,Augie,Levane
Voltsillam,Loraine,Raxworthy
Cardify,Artus,Curran
Bitchip,Michaella,Grayer
Bitchip,Desmund,Shrawley
Flexidy,Vanda,Hugues
Otcom,Kathye,Mazzeo
Y-find,Eolande,Marousek
Zontrax,Tiffany,Antill
Stronghold,Thorn,Neggrini
Duobam,Feliks,Arnaldi
Tin,Parker,Cellier
Flexidy,Fredrick,Ditt
Matsoft,Yurik,Leon
Veribet,Morlee,Ivamy
Stronghold,Ame,Petrello
Y-find,Cy,Lyddiatt
Rank,Delila,Partington
Hatity,Andrea,Haug
Zathin,Mathian,Schurcke
Zathin,Phedra,Djorvic
Konklab,Ardis,Edworthy
Prodder,Jacobo,Nanson
Zathin,Tera,Rope
Hatity,Devina,Camber
Bytecard,Coop,Lackemann
Greenlam,Fleurette,Wolfindale
Stronghold,Florenza,Apark
Wrapsafe,Tansy,Deakan
Otcom,Lucho,Perche
Bytecard,Winifred,Felderer
Tin,Lotte,Josum
Zathin,Inglebert,Andrzejczak
Alpha,Candy,Latch
Ventosanzap,Lind,Furnell
Hatity,Tasha,Cremer
Treeflex,Emmanuel,Bierman
Flexidy,Morganne,Maud
Job,Sutherlan,Overel
Fix San,Romona,Tenman
Prodder,Sancho,Shawel
Asoka,Geneva,Shill
Cardguard,Amanda,Jannasch
Vagram,Michel,Poulney
Viva,Augusta,McCreedy
Prodder,Hermon,Ruos
Namfix,Nissy,Blindmann
Bamity,Wally,Domanski
Redhold,Aurel,Measham
Stim,Zolly,Girtin
Bitchip,Ailee,Hubbuck
Prodder,Tanney,Cranna
Greenlam,Lon,Dyde
Latlux,Micky,Woolstenholmes
Tampflex,Rickie,Sobieski
Konklab,Daisie,Spencer
Transcof,Casper,Wishkar
Subin,Neila,Callington
Sonsing,Robby,Kennicott
Otcom,Burke,Guillond
Y-Solowarm,Meredithe,Stirrip
Aerified,Benedicta,Arends
Domainer,Jami,Kenway
Bigtax,Thomasin,Lamprey
Konklux,Bess,Stancer
Bytecard,Candi,Jedras
It,Fredia,Havoc
Hatity,Lionello,Inston
Otcom,Jens,Casey
Stringtough,Brnaba,Arendt
Stringtough,Mabel,Loisi
Y-find,Leola,Bancroft
Stim,Mitchael,Kibbey
Fintone,Batsheva,Van Ross
Alphazap,Theda,Rubinlicht
Fintone,Marya,Tumbridge
Job,Jarad,Gunney
Gembucket,Roana,Lahive
Ventosanzap,Roana,Nottingham
Prodder,Clair,Clappson
Cookley,Barron,Poad
Andalax,Leigh,Kellegher
Vagram,Danni,Geraldi
Otcom,Norbie,Pywell
Tin,Dannie,Densell
Biodex,Fredericka,Roo
Hatity,Britney,Presslie
Voltsillam,Victoria,Armistead
Zontrax,Adorne,Laughtisse
Alphazap,Alistair,MacQuaker
Viva,Dorris,Steeples
Holdlamis,Danya,Tutt
Bigtax,Leisha,Hartwright
Voltsillam,Stevy,Sambeck
Biodex,Lennie,Womack
Voltsillam,Nathanial,Charleston
Zoolab,Carmina,Wesgate
Tempsoft,Aloysius,Keenleyside
Greenlam,Winnifred,Tremayne
Trippledex,Elsey,Coling
Fix San,Valentine,Inold
Cardify,Emile,Cargenven
Alphazap,Olly,Gianilli
Span,Sonya,Sutterby
Keylex,Jermaine,Aldridge
Sonair,Tait,Pordall
Job,Marin,Raddish
Bitwolf,Jocelyn,Pibsworth
Y-find,Lil,Damrell
Hatity,Chrysler,Pacher
Treeflex,Kristen,Benedito
Veribet,Dix,Swansbury
Treeflex,Uta,Boulter
Cardify,Robby,Andrzej
Opela,Werner,Dey
Aerified,Hastie,Fetherston
Solarbreeze,Marcellina,Chaloner
Overhold,Adeline,Francomb
Voltsillam,Krystal,Tynnan
Zamit,Adele,Lode
Sonsing,Clare,Syversen
Zontrax,Conny,Petras
Cardguard,Carlotta,Seczyk
Solarbreeze,Concordia,Sharrem
Konklab,Carmon,Dri
Kanlam,Jorrie,Molfino
Otcom,Katerine,Willicott
Konklux,Nestor,Monckman
Hatity,Marilin,Tenwick
Fixflex,Barry,Hawket
Job,Felice,Beenham
Fintone,Lelah,Ginnety
Lotstring,Claiborn,Assaf
Job,Clair,Ring
Sub-Ex,Chen,Feldfisher
Tampflex,Sandy,Baselio
Rank,Kerri,Cronkshaw
